,dataset,k,r,w,v,reduction,acc,eff,storage
0,satimage,5,1,eq,shep,<function fcnn at 0x0000017A49361F28>,0.880248833592535,0.25249409675598145,0.18404696132596685
0,satimage,5,1,eq,shep,<function fcnn at 0x0000017A49361F28>,0.9144634525660964,0.26235151290893555,0.18767265193370167
0,satimage,5,1,eq,shep,<function fcnn at 0x0000017A49361F28>,0.889922480620155,0.24640202522277832,0.185146804835924
