,dataset,k,r,w,v,reduction,acc,eff,storage
0,vowel,1,1.5,mi,maj,<function fcnn at 0x0000017A49361F28>,0.9090909090909091,0.12775468826293945,0.23007856341189675
0,vowel,1,1.5,mi,maj,<function fcnn at 0x0000017A49361F28>,0.9292929292929293,0.11870980262756348,0.21997755331088664
0,vowel,1,1.5,mi,maj,<function fcnn at 0x0000017A49361F28>,0.9090909090909091,0.11771941184997559,0.23681257014590348
